  ,     #_
   ~\_  ####_        Amazon Linux 2023
  ~~  \_#####\
  ~~     \###|
  ~~       \#/ ___   https://aws.amazon.com/linux/amazon-linux-2023
   ~~       V~' '->
    ~~~         /
      ~~._.   _/
         _/ _/
       _/m/'
Last login: Mon Jul 29 06:25:13 2024 from 3.16.146.3
[ec2-user@ip-10-2-11-129 ~]$ sudo -i
[root@ip-10-2-11-129 ~]# mysql --version
mysql  Ver 8.0.39 for Linux on x86_64 (MySQL Community Server - GPL)
[root@ip-10-2-11-129 ~]# mysql -h udacity-readreplica.ctzg52q7j5qv.us-east-2.rds.amazonaws.com -u admin -p
Enter password: 
Welcome to the MySQL monitor.  Commands end with ; or \g.
Your MySQL connection id is 8
Server version: 8.0.35 Source distribution

Copyright (c) 2000, 2024, Oracle and/or its affiliates.

Oracle is a registered trademark of Oracle Corporation and/or its
affiliates. Other names may be trademarks of their respective
owners.

Type 'help;' or '\h' for help. Type '\c' to clear the current input statement.

mysql> show databases;
+--------------------+
| Database           |
+--------------------+
| information_schema |
| mysql              |
| performance_schema |
| sys                |
| udacity            |
+--------------------+
5 rows in set (0.00 sec)

mysql> use udacity;
Reading table information for completion of table and column names
You can turn off this feature to get a quicker startup with -A

Database changed
mysql> select * from Students;
+------+------+--------------+--------+------------+
| id   | name | address      | grades | phone      |
+------+------+--------------+--------+------------+
|    1 | quy  | 01 nguyen du | good   | 0377210224 |
+------+------+--------------+--------+------------+
1 row in set (0.01 sec)

mysql> INSERT INTO Students (id, name, address, grades, phone) VALUES (2, "tuong", "02 quang trung", "middle", "0775545135");
Query OK, 1 row affected (0.01 sec)

mysql> select * from Students;
+------+-------+----------------+--------+------------+
| id   | name  | address        | grades | phone      |
+------+-------+----------------+--------+------------+
|    1 | quy   | 01 nguyen du   | good   | 0377210224 |
|    2 | tuong | 02 quang trung | middle | 0775545135 |
+------+-------+----------------+--------+------------+
2 rows in set (0.00 sec)

mysql> 